iteration,global_ari,average_ari,kmeans_global_ari,kmeans_average_ari,prior_random_global_ari,prior_random_average_ari,prior_kmeans_global_ari,prior_kmeans_average_ari,true_loss,loss,kmeans_loss,prior_random_loss,prior_kmeans_loss
0,0.08923336558973538,0.1789337844940725,0.08660099520105141,0.17717931157936764,0.0053014199962284295,0.0036337206755463307,0.9446643113086373,0.9446297385439963,-10953.454894675444,-11184.41244129863,-11186.742196683603,-11241.34526668887,-10938.758930414202
